669847107243489,1 for 1 pasta promo! Come down and get your pasta fix with family and friends! #herit8ge #pasta #jewelchangiairport #modernsingapore #1for1,2020-09-30 15:29:21,['https://scontent-xsp1-1.xx.fbcdn.net/v/t1.0-9/fr/cp0/e15/q65/120220431_669847090576824_1616909262511658607_n.jpg?_nc_cat=111&_nc_sid=9e2e56&_nc_ohc=f3zOL5g3Uv8AX9ijHhy&_nc_ht=scontent-xsp1-1.xx&tp=14&oh=2499e49d97785ee6c270ccc5d5384ef5&oe=5FAD323D'],8,0,https://facebook.com/story.php?story_fbid=669847107243489&id=291670188394518
665786530982880,Trying to satisfy your sweet cravings? Check out our Cake and Tea set available available any time any day! #cakestagram #teaset #jewelchangiairport #herit8ge,2020-09-25 16:46:17,['https://scontent-xsp1-1.xx.fbcdn.net/v/t1.0-9/fr/cp0/e15/q65/120201260_665786510982882_2792565765321303793_o.jpg?_nc_cat=110&_nc_sid=9e2e56&_nc_ohc=sppxBuO94XIAX_ggeyS&_nc_ht=scontent-xsp1-1.xx&tp=14&oh=840d49b77ea8ce19b0b3f04da8b13c4d&oe=5FAC6A4A'],3,0,https://facebook.com/story.php?story_fbid=665786530982880&id=291670188394518
638822637012603,"How about a traditional Hakka kou rou with a modern twist?

#kourou #kouroupasta #herit8ge #modernsingaporeancuisine",2020-08-21 11:18:23,"['https://scontent-xsp1-1.xx.fbcdn.net/v/t1.0-9/fr/cp0/e15/q65/118134773_638822640345936_6958010566773254756_o.jpg?_nc_cat=110&_nc_sid=2d5d41&_nc_ohc=h4DSCSJWKnwAX_RxJoo&_nc_ht=scontent-xsp1-1.xx&tp=14&oh=2d24c0d69ac3bdc90b8279464d51286b&oe=5FACD13C', 'https://scontent-xsp1-1.xx.fbcdn.net/v/t1.0-9/fr/cp0/e15/q65/118134773_638822640345936_6958010566773254756_o.jpg?_nc_cat=110&_nc_sid=2d5d41&_nc_ohc=h4DSCSJWKnwAX_RxJoo&_nc_ht=scontent-xsp1-1.xx&tp=14&oh=2d24c0d69ac3bdc90b8279464d51286b&oe=5FACD13C', 'https://scontent-xsp1-1.xx.fbcdn.net/v/t1.0-9/fr/cp0/e15/q65/118134773_638822640345936_6958010566773254756_o.jpg?_nc_cat=110&_nc_sid=2d5d41&_nc_ohc=h4DSCSJWKnwAX_RxJoo&_nc_ht=scontent-xsp1-1.xx&tp=14&oh=2d24c0d69ac3bdc90b8279464d51286b&oe=5FACD13C']",5,0,
629860107908856,"As Singapore marks another year of independence, Happy National Day to all! üéâ‚Å£‚Å£
‚Å£‚Å£
Despite having to celebrate National Day a little differently this year, let us stand united and get through this difficult time together! üá∏üá¨ ‚Å£‚Å£
‚Å£‚Å£
#happybirthdaysingapore #nationalday #singapore55 #herit8ge #sgunited",2020-08-09 15:34:54,"['https://scontent-xsp1-1.xx.fbcdn.net/v/t1.0-9/fr/cp0/e15/q65/117619583_629860111242189_4345793029277874427_n.jpg?_nc_cat=108&_nc_sid=2d5d41&_nc_ohc=mywuwJRu-2MAX9TiSO9&_nc_ht=scontent-xsp1-1.xx&tp=14&oh=2dd33756e2b294dc9559b45d7876293d&oe=5FAC4402', 'https://scontent-xsp1-1.xx.fbcdn.net/v/t1.0-9/fr/cp0/e15/q65/117619583_629860111242189_4345793029277874427_n.jpg?_nc_cat=108&_nc_sid=2d5d41&_nc_ohc=mywuwJRu-2MAX9TiSO9&_nc_ht=scontent-xsp1-1.xx&tp=14&oh=2dd33756e2b294dc9559b45d7876293d&oe=5FAC4402', 'https://scontent-xsp1-1.xx.fbcdn.net/v/t1.0-9/fr/cp0/e15/q65/117619583_629860111242189_4345793029277874427_n.jpg?_nc_cat=108&_nc_sid=2d5d41&_nc_ohc=mywuwJRu-2MAX9TiSO9&_nc_ht=scontent-xsp1-1.xx&tp=14&oh=2dd33756e2b294dc9559b45d7876293d&oe=5FAC4402']",7,0,
629017947993072,"Peranakan history goes as far back as the 15th century, and aspects of Peranakan culture can still be found in Singapore! ‚ò∫Ô∏è ‚Å£
‚Å£
Come try our Nyonya-inspired delights with a modern twist such as our Peranakan Lamb Burger! ‚Å£
‚Å£
#herit8ge #peranakan #jewelchangiairport #lambburger #rendang @ Jewel Changi Airport",2020-08-08 14:35:24,"['https://scontent-xsp1-1.xx.fbcdn.net/v/t1.0-9/fr/cp0/e15/q65/117377582_629017867993080_8582505446914890902_o.jpg?_nc_cat=108&_nc_sid=9e2e56&_nc_ohc=d9OoBYH8DqcAX-eZdTK&_nc_ht=scontent-xsp1-1.xx&tp=14&oh=154fa28669d92cbb7f0aac8a1127b657&oe=5FAF40AD', 'https://scontent-xsp1-1.xx.fbcdn.net/v/t1.0-9/fr/cp0/e15/q65/117331793_629017904659743_837301502055207488_o.jpg?_nc_cat=103&_nc_sid=9e2e56&_nc_ohc=mDFRIajknrEAX8Rgy3f&_nc_ht=scontent-xsp1-1.xx&tp=14&oh=d64e823006a5c226d9e2d21faaacc0a4&oe=5FABE863']",5,0,https://facebook.com/story.php?story_fbid=629017947993072&id=291670188394518
626208878273979,"Check out what the rave is all about on our Signature Empress Pasta & other yummy dishes! #goodfood #modernSg #Herit8ge #CerealPrawn

Nibbles posted a video to the playlist Nibbles Restaurant Reviews.
3 August at 17:39 ¬∑

üç§ Buttery Cereal Prawn Pasta! üç§

If you're a huge fan of Cereal Prawn dishes, you HAVE to try the Empress Pasta from Herit8ge made with fat King Prawns and buttery, cereal pasta! üçù This pasta was simply addictive - crunchy, sweet and savoury all at the same time! üòã

We also recommend the super CHEESE-Y Hainanese Cordon Bleu and Kong Bak Bao, along with the 7-layer Rainbow Cake and unique Chendol Kopi! ‚òïÔ∏è

Everything served at Herit8ge has a fun twist, do visit them to try all their local fusion dishes!

üìç: Herit8ge

Jewel Changi Airport
78 Airport Boulevard
#05-206
Singapore 819666

üïê: Daily from 11 am to 11 pm

üëâüèª Read our full review at: https://bit.ly/31iLBou

üëâüèª Follow us on Facebook at Nibbles and on Instagram @nibbles.sg!

üëâüèª For the latest updates, join our Telegram Channel: t.me/nibblessg!",2020-08-04 13:23:30,[],3,0,https://facebook.com/story.php?story_fbid=626208878273979&id=291670188394518
622928388602028,"Similar to how Jewel was built by combining two distinctive environments, Herit8ge crafts each dish by pairing nostalgic local food and contemporary western gourmets together! üéâ‚Å£‚Å£
‚Å£‚Å£
#herit8ge #jewelchangiairport #modernsingaporeancuisine #",2020-07-30 18:11:06,[],4,0,https://facebook.com/watch?v=299659594426427
614205449474322,"More than just a treat for the eyes, have a taste of the rainbow here at Herit8ge! ‚Å£
‚Å£
Enjoy your slice of cake with an exquisite cup of artisan tea for only $9.90++! üåà‚ú®‚Å£
‚Å£
#herit8ge #rainbow #teacake #sgcafe #sgcakes",2020-07-17 18:01:58,"['https://scontent-xsp1-1.xx.fbcdn.net/v/t1.0-9/fr/cp0/e15/q65/109095545_614205452807655_4794317608628249779_o.jpg?_nc_cat=105&_nc_sid=2d5d41&_nc_ohc=8q5nqf8Y_RoAX-h3pZO&_nc_ht=scontent-xsp1-1.xx&tp=14&oh=f0cabe15222d77ca830153307e57bc84&oe=5FAF3AF8', 'https://scontent-xsp1-1.xx.fbcdn.net/v/t1.0-9/fr/cp0/e15/q65/109095545_614205452807655_4794317608628249779_o.jpg?_nc_cat=105&_nc_sid=2d5d41&_nc_ohc=8q5nqf8Y_RoAX-h3pZO&_nc_ht=scontent-xsp1-1.xx&tp=14&oh=f0cabe15222d77ca830153307e57bc84&oe=5FAF3AF8', 'https://scontent-xsp1-1.xx.fbcdn.net/v/t1.0-9/fr/cp0/e15/q65/109095545_614205452807655_4794317608628249779_o.jpg?_nc_cat=105&_nc_sid=2d5d41&_nc_ohc=8q5nqf8Y_RoAX-h3pZO&_nc_ht=scontent-xsp1-1.xx&tp=14&oh=f0cabe15222d77ca830153307e57bc84&oe=5FAF3AF8']",12,0,
593936258167908,"We are back starting from this Friday, 19th June, 10am to 11pm! üë®üèª‚Äçüç≥ ‚Å£
‚Å£
Our chefs are warming up the ovens, lights are turning back on, and delectable meals are ready for you! Can‚Äôt wait to see all of you soon! üòå‚Å£
‚Å£
#herit8ge #phrasetwo #dine-in #jewelchangiairport #sgunited",2020-06-18 12:13:16,"['https://scontent-xsp1-2.xx.fbcdn.net/v/t1.0-9/fr/cp0/e15/q65/104434037_593936261501241_6241233790904244219_o.jpg?_nc_cat=101&_nc_sid=2d5d41&_nc_ohc=ioPJBjrLhX0AX8dt6q9&_nc_ht=scontent-xsp1-2.xx&tp=14&oh=d9d9cbf7935c129ee0f964a81317fc7b&oe=5FAC47D9', 'https://scontent-xsp1-2.xx.fbcdn.net/v/t1.0-9/fr/cp0/e15/q65/104434037_593936261501241_6241233790904244219_o.jpg?_nc_cat=101&_nc_sid=2d5d41&_nc_ohc=ioPJBjrLhX0AX8dt6q9&_nc_ht=scontent-xsp1-2.xx&tp=14&oh=d9d9cbf7935c129ee0f964a81317fc7b&oe=5FAC47D9', 'https://scontent-xsp1-2.xx.fbcdn.net/v/t1.0-9/fr/cp0/e15/q65/104434037_593936261501241_6241233790904244219_o.jpg?_nc_cat=101&_nc_sid=2d5d41&_nc_ohc=ioPJBjrLhX0AX8dt6q9&_nc_ht=scontent-xsp1-2.xx&tp=14&oh=d9d9cbf7935c129ee0f964a81317fc7b&oe=5FAC47D9']",7,0,
537438683817666,"In light of the recent Covid-19 situation, we have taken precautionary measures including social distancing, contact tracing, and disinfecting the place more frequently to ensure the safety of our customers and staff. ‚Å£
‚Å£
Our business will continue to operate as usual. Wish all good health and stay safe! ‚ù§‚Å£
‚Å£
#SupportLocal #herit8ge #jewelchangiairport #sgrestaurant #sapporobeer",2020-03-27 17:43:34,"['https://scontent-xsp1-1.xx.fbcdn.net/v/t1.0-9/fr/cp0/e15/q65/90941253_537438687150999_2576795139955490816_n.jpg?_nc_cat=102&_nc_sid=2d5d41&_nc_ohc=NN7cWA3Nv3YAX-9lZw6&_nc_ht=scontent-xsp1-1.xx&tp=14&oh=08e05d25a598f569f67453a6397fac71&oe=5FADB296', 'https://scontent-xsp1-1.xx.fbcdn.net/v/t1.0-9/fr/cp0/e15/q65/90941253_537438687150999_2576795139955490816_n.jpg?_nc_cat=102&_nc_sid=2d5d41&_nc_ohc=NN7cWA3Nv3YAX-9lZw6&_nc_ht=scontent-xsp1-1.xx&tp=14&oh=08e05d25a598f569f67453a6397fac71&oe=5FADB296', 'https://scontent-xsp1-1.xx.fbcdn.net/v/t1.0-9/fr/cp0/e15/q65/90941253_537438687150999_2576795139955490816_n.jpg?_nc_cat=102&_nc_sid=2d5d41&_nc_ohc=NN7cWA3Nv3YAX-9lZw6&_nc_ht=scontent-xsp1-1.xx&tp=14&oh=08e05d25a598f569f67453a6397fac71&oe=5FADB296']",2,0,
537428773818657,"In light of the recent Covid-19 situation, we have taken precautionary measures including social distancing, contact tracing, and disinfecting the place more frequently to ensure the safety of our customers and staff. ‚Å£
‚Å£
Our business will continue to operate and we wish for everyone to stay healthy and safe!‚ù§‚Å£
‚Å£
#SupportLocal #herit8ge #jewelchangiairport #sgrestaurant #sgunited",2020-03-27 17:20:44,"['https://scontent-xsp1-2.xx.fbcdn.net/v/t1.0-9/fr/cp0/e15/q65/90774890_537428777151990_2601000553433530368_n.jpg?_nc_cat=101&_nc_sid=2d5d41&_nc_ohc=N28iDQCil1YAX-XdC33&_nc_ht=scontent-xsp1-2.xx&tp=14&oh=090838b993653e46a2e0cff71581259c&oe=5FAC2068', 'https://scontent-xsp1-2.xx.fbcdn.net/v/t1.0-9/fr/cp0/e15/q65/90774890_537428777151990_2601000553433530368_n.jpg?_nc_cat=101&_nc_sid=2d5d41&_nc_ohc=N28iDQCil1YAX-XdC33&_nc_ht=scontent-xsp1-2.xx&tp=14&oh=090838b993653e46a2e0cff71581259c&oe=5FAC2068', 'https://scontent-xsp1-2.xx.fbcdn.net/v/t1.0-9/fr/cp0/e15/q65/90774890_537428777151990_2601000553433530368_n.jpg?_nc_cat=101&_nc_sid=2d5d41&_nc_ohc=N28iDQCil1YAX-XdC33&_nc_ht=scontent-xsp1-2.xx&tp=14&oh=090838b993653e46a2e0cff71581259c&oe=5FAC2068']",5,0,
526160434945491,"We will be having another set of live music by @natwusg this Saturday (14 Mar). Do drop by to chill from 9.30pm!

#livemusic #sgrestaurant #herit8ge #jewelchangiairport #chillweekend",2020-03-11 10:41:24,[],4,0,https://facebook.com/watch?v=244841216675991
516998932528308,"Live music this Saturday! Do come by for $10 beer and support our first ever live music in Jewel!

#jewelchangiairport #livemusic #herit8ge #sapporobeer #natwusg #chillweekend #dineatjewel",2020-02-26 15:29:39,"['https://scontent-xsp1-1.xx.fbcdn.net/v/t1.0-9/fr/cp0/e15/q65/88081771_516998935861641_819155679024513024_o.jpg?_nc_cat=108&_nc_sid=2d5d41&_nc_ohc=XcU1CEZvxLoAX9YUceI&_nc_ht=scontent-xsp1-1.xx&tp=14&oh=0fd3a8cb5f2fad97e22474e76f7dbc79&oe=5FAF3137', 'https://scontent-xsp1-1.xx.fbcdn.net/v/t1.0-9/fr/cp0/e15/q65/88081771_516998935861641_819155679024513024_o.jpg?_nc_cat=108&_nc_sid=2d5d41&_nc_ohc=XcU1CEZvxLoAX9YUceI&_nc_ht=scontent-xsp1-1.xx&tp=14&oh=0fd3a8cb5f2fad97e22474e76f7dbc79&oe=5FAF3137', 'https://scontent-xsp1-1.xx.fbcdn.net/v/t1.0-9/fr/cp0/e15/q65/88081771_516998935861641_819155679024513024_o.jpg?_nc_cat=108&_nc_sid=2d5d41&_nc_ohc=XcU1CEZvxLoAX9YUceI&_nc_ht=scontent-xsp1-1.xx&tp=14&oh=0fd3a8cb5f2fad97e22474e76f7dbc79&oe=5FAF3137']",6,0,
511624899732378,"@herit8ge X @natwusg brings to you the 1st live band in Jewel! Stay tuned for more details!

#firstliveband #herit8ge #jewelchangiairport #natwusg",2020-02-18 14:08:32,"['https://scontent-xsp1-2.xx.fbcdn.net/v/t1.0-9/fr/cp0/e15/q65/86784965_511624906399044_7608460468088209408_o.jpg?_nc_cat=106&_nc_sid=2d5d41&_nc_ohc=hgT12UOHidkAX-Q1-LV&_nc_ht=scontent-xsp1-2.xx&tp=14&oh=49b25fe7d63395c73797c13b985f95ea&oe=5FACB587', 'https://scontent-xsp1-2.xx.fbcdn.net/v/t1.0-9/fr/cp0/e15/q65/86784965_511624906399044_7608460468088209408_o.jpg?_nc_cat=106&_nc_sid=2d5d41&_nc_ohc=hgT12UOHidkAX-Q1-LV&_nc_ht=scontent-xsp1-2.xx&tp=14&oh=49b25fe7d63395c73797c13b985f95ea&oe=5FACB587', 'https://scontent-xsp1-2.xx.fbcdn.net/v/t1.0-9/fr/cp0/e15/q65/86784965_511624906399044_7608460468088209408_o.jpg?_nc_cat=106&_nc_sid=2d5d41&_nc_ohc=hgT12UOHidkAX-Q1-LV&_nc_ht=scontent-xsp1-2.xx&tp=14&oh=49b25fe7d63395c73797c13b985f95ea&oe=5FACB587']",3,0,
508167870078081,"Where there is great food, there is always great love!

Bring your Valentines to @herit8ge this week for a love filled evening üòä

#happyvalentinesday #herit8ge #modernsingaporeancuisine #jewelchangiairport",2020-02-13 14:06:20,"['https://scontent-xsp1-1.xx.fbcdn.net/v/t1.0-9/fr/cp0/e15/q65/86442382_508167873411414_3353648307397197824_o.jpg?_nc_cat=111&_nc_sid=2d5d41&_nc_ohc=4bAraQXc7GUAX-XpQKJ&_nc_ht=scontent-xsp1-1.xx&tp=14&oh=49b5d1ecb2d3186b67b8ed0c91799743&oe=5FAEF8EC', 'https://scontent-xsp1-1.xx.fbcdn.net/v/t1.0-9/fr/cp0/e15/q65/86442382_508167873411414_3353648307397197824_o.jpg?_nc_cat=111&_nc_sid=2d5d41&_nc_ohc=4bAraQXc7GUAX-XpQKJ&_nc_ht=scontent-xsp1-1.xx&tp=14&oh=49b5d1ecb2d3186b67b8ed0c91799743&oe=5FAEF8EC', 'https://scontent-xsp1-1.xx.fbcdn.net/v/t1.0-9/fr/cp0/e15/q65/86442382_508167873411414_3353648307397197824_o.jpg?_nc_cat=111&_nc_sid=2d5d41&_nc_ohc=4bAraQXc7GUAX-XpQKJ&_nc_ht=scontent-xsp1-1.xx&tp=14&oh=49b5d1ecb2d3186b67b8ed0c91799743&oe=5FAEF8EC']",6,0,
501607924067409,"Did you know that eating fish during Chinese New Year symbolises a wish for abundance and surplus in the oncoming year? üêü‚Å£
‚Å£
Available till 8th Feb, come on down and feast on our delicious eight course CNY menu instead of the usual hotpots. ü§™‚Å£
‚Å£
#jewelchangiairport #herit8ge #food #fusionfood #cny2020",2020-02-03 14:11:30,"['https://scontent-xsp1-1.xx.fbcdn.net/v/t1.0-9/fr/cp0/e15/q65/83245191_501607927400742_4420921107490537472_o.jpg?_nc_cat=110&_nc_sid=2d5d41&_nc_ohc=VLbAKIhmeC0AX_-iHKU&_nc_ht=scontent-xsp1-1.xx&tp=14&oh=4f3880ee4e07643c45c892bbf3d9496b&oe=5FAC66EA', 'https://scontent-xsp1-1.xx.fbcdn.net/v/t1.0-9/fr/cp0/e15/q65/83245191_501607927400742_4420921107490537472_o.jpg?_nc_cat=110&_nc_sid=2d5d41&_nc_ohc=VLbAKIhmeC0AX_-iHKU&_nc_ht=scontent-xsp1-1.xx&tp=14&oh=4f3880ee4e07643c45c892bbf3d9496b&oe=5FAC66EA', 'https://scontent-xsp1-1.xx.fbcdn.net/v/t1.0-9/fr/cp0/e15/q65/83245191_501607927400742_4420921107490537472_o.jpg?_nc_cat=110&_nc_sid=2d5d41&_nc_ohc=VLbAKIhmeC0AX_-iHKU&_nc_ht=scontent-xsp1-1.xx&tp=14&oh=4f3880ee4e07643c45c892bbf3d9496b&oe=5FAC66EA']",6,0,
493108211584047,"May your year be filled with prosperity and abundance! üòä Happy Chinese New Year! üêâüéáüßß ‚Å£
‚Å£
P.s. We will be open throughout this Chinese New Year! üéâ Do come on down to Herit8ge with your loved ones and celebrate over our festive menu. üòä‚Å£
‚Å£
#herit8ge #fusion #cny #chinesenewyear #cny2020 #jewelchangiairport",2020-01-21 14:28:25,"['https://scontent-xsp1-2.xx.fbcdn.net/v/t1.0-9/fr/cp0/e15/q65/83818093_493108214917380_3812484237769048064_o.jpg?_nc_cat=107&_nc_sid=2d5d41&_nc_ohc=x9YaUHCzepIAX9j9Cps&_nc_ht=scontent-xsp1-2.xx&tp=14&oh=cd2af2aaccce9958976db107ecf7617b&oe=5FABAD6C', 'https://scontent-xsp1-2.xx.fbcdn.net/v/t1.0-9/fr/cp0/e15/q65/83818093_493108214917380_3812484237769048064_o.jpg?_nc_cat=107&_nc_sid=2d5d41&_nc_ohc=x9YaUHCzepIAX9j9Cps&_nc_ht=scontent-xsp1-2.xx&tp=14&oh=cd2af2aaccce9958976db107ecf7617b&oe=5FABAD6C', 'https://scontent-xsp1-2.xx.fbcdn.net/v/t1.0-9/fr/cp0/e15/q65/83818093_493108214917380_3812484237769048064_o.jpg?_nc_cat=107&_nc_sid=2d5d41&_nc_ohc=x9YaUHCzepIAX9j9Cps&_nc_ht=scontent-xsp1-2.xx&tp=14&oh=cd2af2aaccce9958976db107ecf7617b&oe=5FABAD6C']",4,0,
491093058452229,"""The higher you toss, the greater the prosperity for the year."" üèÆüêâ ‚Å£
‚Å£
Come on down to Herit8ge this New Year and savour this Abalone Yu Sheng with your loved ones! ‚ù§‚Å£
‚Å£
#herit8ge #yusheng #chinesenewyear #cny2020 #jewelchangiairport",2020-01-18 14:58:02,"['https://scontent-xsp1-2.xx.fbcdn.net/v/t1.0-9/fr/cp0/e15/q65/82191078_491093061785562_5696073202338365440_n.jpg?_nc_cat=107&_nc_sid=2d5d41&_nc_ohc=Z71AMWDaHM0AX-Igy_x&_nc_oc=AQnvxh1z9VSmPnbowK6N4FdKTZjd67bZZzHYDlxCivlSE73PtfY8c6-CwGa3NnMZ2B0&_nc_ht=scontent-xsp1-2.xx&tp=14&oh=d0e01dcaeec5b252f8dfb439560a96ff&oe=5FAF12AB', 'https://scontent-xsp1-2.xx.fbcdn.net/v/t1.0-9/fr/cp0/e15/q65/82191078_491093061785562_5696073202338365440_n.jpg?_nc_cat=107&_nc_sid=2d5d41&_nc_ohc=Z71AMWDaHM0AX-Igy_x&_nc_oc=AQnvxh1z9VSmPnbowK6N4FdKTZjd67bZZzHYDlxCivlSE73PtfY8c6-CwGa3NnMZ2B0&_nc_ht=scontent-xsp1-2.xx&tp=14&oh=d0e01dcaeec5b252f8dfb439560a96ff&oe=5FAF12AB', 'https://scontent-xsp1-2.xx.fbcdn.net/v/t1.0-9/fr/cp0/e15/q65/82191078_491093061785562_5696073202338365440_n.jpg?_nc_cat=107&_nc_sid=2d5d41&_nc_ohc=Z71AMWDaHM0AX-Igy_x&_nc_oc=AQnvxh1z9VSmPnbowK6N4FdKTZjd67bZZzHYDlxCivlSE73PtfY8c6-CwGa3NnMZ2B0&_nc_ht=scontent-xsp1-2.xx&tp=14&oh=d0e01dcaeec5b252f8dfb439560a96ff&oe=5FAF12AB']",5,0,
481844706043731,"Not sure where to eat this Chinese New Year? ü§î Fret not, Herit8ge got you covered! üòã‚Å£
Only available from 18th Jan to 8th Feb, our first ever CNY menu is open for reservations! üéâ ‚Å£
‚Å£
Do call us @ 6962 7720 or DM us for more details and reservations! ü§ó‚Å£
‚Å£
#herit8ge #jewelchangiairport #food #chinesenewyear #fusionfood #singapore #cny2020 @ Herit8ge",2020-01-07 15:21:23,"['https://scontent-xsp1-1.xx.fbcdn.net/v/t1.0-9/fr/cp0/e15/q65/81401365_481844579377077_6833333241844334592_o.jpg?_nc_cat=110&_nc_sid=9e2e56&_nc_ohc=mwUDhFDtWcUAX-HHBwe&_nc_oc=AQmEWl0MlfHCz05e3_qGX39mfobBaKdJynq3zoxKIvuZ9N09OuHtPpAAwLXgT5QYzqQ&_nc_ht=scontent-xsp1-1.xx&tp=14&oh=b8a69554586151964874eb3416966b84&oe=5FAD680B', 'https://scontent-xsp1-2.xx.fbcdn.net/v/t1.0-9/fr/cp0/e15/q65/81709586_481844632710405_2236452134600048640_o.jpg?_nc_cat=100&_nc_sid=9e2e56&_nc_ohc=7D7L2g083wQAX8kHI-5&_nc_ht=scontent-xsp1-2.xx&tp=14&oh=4f3a81446822db25b63f4bba61cbad3b&oe=5FAD9D70', 'https://scontent-xsp1-2.xx.fbcdn.net/v/t1.0-9/fr/cp0/e15/q65/82032605_481844669377068_8191837775595569152_o.jpg?_nc_cat=100&_nc_sid=9e2e56&_nc_ohc=areG-zKc4qwAX-XduVD&_nc_ht=scontent-xsp1-2.xx&tp=14&oh=61ffe8d16a75545ef93c39324b2b61e0&oe=5FAEF10F']",6,2,https://facebook.com/story.php?story_fbid=481844706043731&id=291670188394518
478300769731458,,2020-01-03 16:38:46,"['https://scontent-xsp1-2.xx.fbcdn.net/v/t1.0-9/fr/cp0/e15/q65/81544156_478300083064860_5942226161848287232_o.jpg?_nc_cat=107&_nc_sid=dd9801&_nc_ohc=s60YRMZ_WaoAX-1Nk27&_nc_ht=scontent-xsp1-2.xx&tp=14&oh=08e512dd2c8ec8d10f21e699bb24f810&oe=5FACCDDB', 'https://scontent-xsp1-2.xx.fbcdn.net/v/t1.0-9/fr/cp0/e15/q65/81544156_478300083064860_5942226161848287232_o.jpg?_nc_cat=107&_nc_sid=dd9801&_nc_ohc=s60YRMZ_WaoAX-1Nk27&_nc_ht=scontent-xsp1-2.xx&tp=14&oh=08e512dd2c8ec8d10f21e699bb24f810&oe=5FACCDDB', 'https://scontent-xsp1-2.xx.fbcdn.net/v/t1.0-9/fr/cp0/e15/q65/81544156_478300083064860_5942226161848287232_o.jpg?_nc_cat=107&_nc_sid=dd9801&_nc_ohc=s60YRMZ_WaoAX-1Nk27&_nc_ht=scontent-xsp1-2.xx&tp=14&oh=08e512dd2c8ec8d10f21e699bb24f810&oe=5FACCDDB']",1,0,
475327896695412,"Here's to a year filled with peace, health and happiness! üçª‚ù§ Happy New Year everybody! ü§ó ‚Å£
P.S. Our pineapple tarts are available for ordering! Do PM us for more information! üççüç™‚Å£
‚Å£
#herit8ge #fusion #jewelchangiairport #food #singapore #newyear #pineappletarts",2019-12-31 14:25:44,"['https://scontent-xsp1-1.xx.fbcdn.net/v/t1.0-9/fr/cp0/e15/q65/81340452_475327900028745_8210338553381519360_o.jpg?_nc_cat=108&_nc_sid=2d5d41&_nc_ohc=h2Qw-iifbssAX8r2rh0&_nc_ht=scontent-xsp1-1.xx&tp=14&oh=044631a5f39317b153265dde29e012ca&oe=5FABCF02', 'https://scontent-xsp1-1.xx.fbcdn.net/v/t1.0-9/fr/cp0/e15/q65/81340452_475327900028745_8210338553381519360_o.jpg?_nc_cat=108&_nc_sid=2d5d41&_nc_ohc=h2Qw-iifbssAX8r2rh0&_nc_ht=scontent-xsp1-1.xx&tp=14&oh=044631a5f39317b153265dde29e012ca&oe=5FABCF02', 'https://scontent-xsp1-1.xx.fbcdn.net/v/t1.0-9/fr/cp0/e15/q65/81340452_475327900028745_8210338553381519360_o.jpg?_nc_cat=108&_nc_sid=2d5d41&_nc_ohc=h2Qw-iifbssAX8r2rh0&_nc_ht=scontent-xsp1-1.xx&tp=14&oh=044631a5f39317b153265dde29e012ca&oe=5FABCF02']",2,0,
469195280642007,"May Santa grant all your wishes this holiday. Merry Christmas! üòä‚Å£
Do visit us and enjoy Herit8ge's festive menu (available till 27th Dec) as you spend this holiday with your loved ones. üå≤üéÖüèª‚Å£
#christmas #herit8ge #jewelchangiairport #fusion #food",2019-12-24 14:05:38,"['https://scontent-xsp1-1.xx.fbcdn.net/v/t1.0-9/fr/cp0/e15/q65/80285755_469195283975340_3809963027541786624_o.jpg?_nc_cat=103&_nc_sid=2d5d41&_nc_ohc=HOiXOflhVJwAX9ZMaTj&_nc_ht=scontent-xsp1-1.xx&tp=14&oh=038ad3efd9e88e0318dcc1539b9f3862&oe=5FAEBA11', 'https://scontent-xsp1-1.xx.fbcdn.net/v/t1.0-9/fr/cp0/e15/q65/80285755_469195283975340_3809963027541786624_o.jpg?_nc_cat=103&_nc_sid=2d5d41&_nc_ohc=HOiXOflhVJwAX9ZMaTj&_nc_ht=scontent-xsp1-1.xx&tp=14&oh=038ad3efd9e88e0318dcc1539b9f3862&oe=5FAEBA11', 'https://scontent-xsp1-1.xx.fbcdn.net/v/t1.0-9/fr/cp0/e15/q65/80285755_469195283975340_3809963027541786624_o.jpg?_nc_cat=103&_nc_sid=2d5d41&_nc_ohc=HOiXOflhVJwAX9ZMaTj&_nc_ht=scontent-xsp1-1.xx&tp=14&oh=038ad3efd9e88e0318dcc1539b9f3862&oe=5FAEBA11']",5,0,
465805110981024,"Did you know that the food you see on the cart outside Herit8ge are actually real?! ü§î ‚Å£
Come on down to Herit8ge and look/smell how delicious our food are! üòãüòä ‚Å£
#herit8ge #jewelchangiairport #food #cafe #foodsg #fusion",2019-12-20 17:41:34,[],8,0,https://facebook.com/watch?v=2901521259871864
461567984738070,"Who says you can't have desserts for breakfast? ‚Å£
‚Å£
Check out our cold Chendol Kopi, guaranteed to give you the additional kick of caffeine to start your day. ‚òïüòâ‚Å£
‚Å£
#herit8ge #coffee #jewelchangiairport #cafesg #cafe #food #restaurant #fusion #chendol",2019-12-15 14:32:10,"['https://scontent-xsp1-1.xx.fbcdn.net/v/t1.0-9/fr/cp0/e15/q65/80388893_461567988071403_6859657933920141312_o.jpg?_nc_cat=110&_nc_sid=2d5d41&_nc_ohc=2Va8JGmXE-sAX8w0HcJ&_nc_oc=AQm4qxroOyYBMQ3_7hxEigfHuQQXXjC0Rjjd-_2KS7eKX1LeJafOtIqR2qw-U2YWXBM&_nc_ht=scontent-xsp1-1.xx&tp=14&oh=d86f707a4aa8d866bbfce68b237e9eff&oe=5FACC288', 'https://scontent-xsp1-1.xx.fbcdn.net/v/t1.0-9/fr/cp0/e15/q65/80388893_461567988071403_6859657933920141312_o.jpg?_nc_cat=110&_nc_sid=2d5d41&_nc_ohc=2Va8JGmXE-sAX8w0HcJ&_nc_oc=AQm4qxroOyYBMQ3_7hxEigfHuQQXXjC0Rjjd-_2KS7eKX1LeJafOtIqR2qw-U2YWXBM&_nc_ht=scontent-xsp1-1.xx&tp=14&oh=d86f707a4aa8d866bbfce68b237e9eff&oe=5FACC288', 'https://scontent-xsp1-1.xx.fbcdn.net/v/t1.0-9/fr/cp0/e15/q65/80388893_461567988071403_6859657933920141312_o.jpg?_nc_cat=110&_nc_sid=2d5d41&_nc_ohc=2Va8JGmXE-sAX8w0HcJ&_nc_oc=AQm4qxroOyYBMQ3_7hxEigfHuQQXXjC0Rjjd-_2KS7eKX1LeJafOtIqR2qw-U2YWXBM&_nc_ht=scontent-xsp1-1.xx&tp=14&oh=d86f707a4aa8d866bbfce68b237e9eff&oe=5FACC288']",7,0,
452261339002068,"How do you eat your gem biscuit? ‚Å£
A: Eat the icing and the biscuit separately.‚Å£
B: Eat the icing and the biscuit as a whole.‚Å£
‚Å£
At Herit8ge, we serve the gem biscuit with every coffee made to evoke nostalgia in the drinker. ‚òï‚Å£
‚Å£
‚Å£
#herit8ge #jewelchangiairport #food #gembiscuit #nostalgia #coffee #cafesg #food #cafe",2019-12-04 15:23:52,"['https://scontent-xsp1-2.xx.fbcdn.net/v/t1.0-9/fr/cp0/e15/q65/77324926_452261345668734_3635437018583924736_o.jpg?_nc_cat=106&_nc_sid=2d5d41&_nc_ohc=6zQINfudv-4AX9V47yp&_nc_ht=scontent-xsp1-2.xx&tp=14&oh=0bc9ba278a545bef380a8c090c1553ba&oe=5FAD075C', 'https://scontent-xsp1-2.xx.fbcdn.net/v/t1.0-9/fr/cp0/e15/q65/77324926_452261345668734_3635437018583924736_o.jpg?_nc_cat=106&_nc_sid=2d5d41&_nc_ohc=6zQINfudv-4AX9V47yp&_nc_ht=scontent-xsp1-2.xx&tp=14&oh=0bc9ba278a545bef380a8c090c1553ba&oe=5FAD075C', 'https://scontent-xsp1-2.xx.fbcdn.net/v/t1.0-9/fr/cp0/e15/q65/77324926_452261345668734_3635437018583924736_o.jpg?_nc_cat=106&_nc_sid=2d5d41&_nc_ohc=6zQINfudv-4AX9V47yp&_nc_ht=scontent-xsp1-2.xx&tp=14&oh=0bc9ba278a545bef380a8c090c1553ba&oe=5FAD075C']",11,0,
448758669352335,Meet Mr & Mrs Herit8ge as they give out free candy cane for this festive season! ü§óüéÖüèªüéÑüçª #herit8ge #fusionfood #christmas #food #jewelchangiairport #candy,2019-11-30 14:13:39,"['https://scontent-xsp1-2.xx.fbcdn.net/v/t1.0-9/fr/cp0/e15/q65/78355581_448758672685668_6082603031864541184_o.jpg?_nc_cat=109&_nc_sid=2d5d41&_nc_ohc=LbiEcD6d85IAX_fGRow&_nc_ht=scontent-xsp1-2.xx&tp=14&oh=58c17a05558481077b00775df24c131b&oe=5FAD6664', 'https://scontent-xsp1-2.xx.fbcdn.net/v/t1.0-9/fr/cp0/e15/q65/78355581_448758672685668_6082603031864541184_o.jpg?_nc_cat=109&_nc_sid=2d5d41&_nc_ohc=LbiEcD6d85IAX_fGRow&_nc_ht=scontent-xsp1-2.xx&tp=14&oh=58c17a05558481077b00775df24c131b&oe=5FAD6664', 'https://scontent-xsp1-2.xx.fbcdn.net/v/t1.0-9/fr/cp0/e15/q65/78355581_448758672685668_6082603031864541184_o.jpg?_nc_cat=109&_nc_sid=2d5d41&_nc_ohc=LbiEcD6d85IAX_fGRow&_nc_ht=scontent-xsp1-2.xx&tp=14&oh=58c17a05558481077b00775df24c131b&oe=5FAD6664']",5,0,
442114340016768,Say whaaaaaat - one tower of Sapporo Beer at $55++???!? Share one tower of beer with your friends and chat the night away while munching on some of our unique Tapas creations üòåüçª #herit8ge #jewelchangiairport #beer #happyhour #tapas #food #fusion @ Herit8ge,2019-11-22 17:21:43,"['https://scontent-xsp1-1.xx.fbcdn.net/v/t1.0-9/fr/cp0/e15/q65/75594542_442114266683442_8703182631803551744_o.jpg?_nc_cat=102&_nc_sid=9e2e56&_nc_ohc=ze_uriKjes4AX_Q8EYN&_nc_ht=scontent-xsp1-1.xx&tp=14&oh=78eb1a4d387083ab4969d1da13321d4e&oe=5FABCD4F', 'https://scontent-xsp1-2.xx.fbcdn.net/v/t1.0-9/fr/cp0/e15/q65/76645560_442114303350105_893496292993400832_o.jpg?_nc_cat=104&_nc_sid=9e2e56&_nc_ohc=7uW31UlPvasAX8ov5m2&_nc_ht=scontent-xsp1-2.xx&tp=14&oh=3409f064b4ca7386aaa1686ad7b70e4a&oe=5FAC37BA']",15,0,https://facebook.com/story.php?story_fbid=442114340016768&id=291670188394518
437056907189178,"Bring your date here to make her feel like royalty with our Empress Pasta - creamy pasta tossed with cereal prawns! üòã Come down to Jewel Level 5 to try it now!

Thank you @theaugraphy for this lovely photo and we hope that you had a great time with us! üòä

#herit8ge #jewelchangiairport #fusion #food #singapore #photography #pasta",2019-11-16 16:16:33,"['https://scontent-xsp1-2.xx.fbcdn.net/v/t1.0-9/fr/cp0/e15/q65/75223800_437056913855844_3989763496857305088_o.jpg?_nc_cat=106&_nc_sid=2d5d41&_nc_ohc=sJkoEVlTjxMAX-PU_EW&_nc_ht=scontent-xsp1-2.xx&tp=14&oh=508d2d2c55aee8a08ddcfef58d4e06ea&oe=5FAD3BD5', 'https://scontent-xsp1-2.xx.fbcdn.net/v/t1.0-9/fr/cp0/e15/q65/75223800_437056913855844_3989763496857305088_o.jpg?_nc_cat=106&_nc_sid=2d5d41&_nc_ohc=sJkoEVlTjxMAX-PU_EW&_nc_ht=scontent-xsp1-2.xx&tp=14&oh=508d2d2c55aee8a08ddcfef58d4e06ea&oe=5FAD3BD5', 'https://scontent-xsp1-2.xx.fbcdn.net/v/t1.0-9/fr/cp0/e15/q65/75223800_437056913855844_3989763496857305088_o.jpg?_nc_cat=106&_nc_sid=2d5d41&_nc_ohc=sJkoEVlTjxMAX-PU_EW&_nc_ht=scontent-xsp1-2.xx&tp=14&oh=508d2d2c55aee8a08ddcfef58d4e06ea&oe=5FAD3BD5']",9,0,
429906314570904,"Come on down to Herit8ge today to try this yummy fusion of the Western cordon bleu and Hainanese pork chop for yourself! üòã

Thank you @ojaclly for this gorgeous photo and we hope that you had a great time with us! üòä

#herit8ge #jewelchangiairport #fusion #food #singapore",2019-11-07 15:47:04,"['https://scontent-xsp1-2.xx.fbcdn.net/v/t1.0-9/fr/cp0/e15/q65/76996298_429906317904237_8835370339216130048_n.jpg?_nc_cat=104&_nc_sid=2d5d41&_nc_ohc=Y2mjNTNZWZwAX9GxeCB&_nc_ht=scontent-xsp1-2.xx&tp=14&oh=5131e35f32d83f5ec85f6e8928ced5a2&oe=5FABAEF5', 'https://scontent-xsp1-2.xx.fbcdn.net/v/t1.0-9/fr/cp0/e15/q65/76996298_429906317904237_8835370339216130048_n.jpg?_nc_cat=104&_nc_sid=2d5d41&_nc_ohc=Y2mjNTNZWZwAX9GxeCB&_nc_ht=scontent-xsp1-2.xx&tp=14&oh=5131e35f32d83f5ec85f6e8928ced5a2&oe=5FABAEF5', 'https://scontent-xsp1-2.xx.fbcdn.net/v/t1.0-9/fr/cp0/e15/q65/76996298_429906317904237_8835370339216130048_n.jpg?_nc_cat=104&_nc_sid=2d5d41&_nc_ohc=Y2mjNTNZWZwAX9GxeCB&_nc_ht=scontent-xsp1-2.xx&tp=14&oh=5131e35f32d83f5ec85f6e8928ced5a2&oe=5FABAEF5']",10,0,
424439498450919,"Happy Halloween everybody! Here are some lovely photos captured last weekend üòä Thank you to everyone who participated in our giveaway and even took pictures with our scary Chinese Vampire!

On a side note, today is the last day of our giveaway so do come down to Herit8ge in your halloween costume to enjoy our complimentary ‚Äòblood soup‚Äô ü§©

#herit8ge #jewelchangiairport #fusion #halloween #food @ Herit8ge",2019-10-31 15:58:27,"['https://scontent-xsp1-2.xx.fbcdn.net/v/t1.0-9/fr/cp0/e15/q65/74230425_424439168450952_5814037021743644672_o.jpg?_nc_cat=106&_nc_sid=9e2e56&_nc_ohc=lgTISF25EWAAX91tlDe&_nc_ht=scontent-xsp1-2.xx&tp=14&oh=745094dd9a221910ab404a01a5988daf&oe=5FAC3E85', 'https://scontent-xsp1-1.xx.fbcdn.net/v/t1.0-9/fr/cp0/e15/q65/74451031_424439215117614_6215518710463987712_o.jpg?_nc_cat=111&_nc_sid=9e2e56&_nc_ohc=oa9OPoOQdP8AX-Ih2m5&_nc_ht=scontent-xsp1-1.xx&tp=14&oh=dd1a5836c4e338684cc7795dda7b88d9&oe=5FAEED41', 'https://scontent-xsp1-2.xx.fbcdn.net/v/t1.0-9/fr/cp0/e15/q65/74614807_424439275117608_1993233359307800576_o.jpg?_nc_cat=106&_nc_sid=9e2e56&_nc_ohc=hFHn4Jmi-cIAX9t6mxw&_nc_ht=scontent-xsp1-2.xx&tp=14&oh=fe69c881c32f1d838985eb8595cbfb9a&oe=5FAE8984', 'https://scontent-xsp1-1.xx.fbcdn.net/v/t1.0-9/fr/cp0/e15/q65/74272927_424439328450936_8782435803595800576_o.jpg?_nc_cat=105&_nc_sid=9e2e56&_nc_ohc=ZNUroE1p5DwAX_tuXM8&_nc_ht=scontent-xsp1-1.xx&tp=14&oh=41e630a390c612156ea4e46306ba617e&oe=5FAE86A8']",20,0,https://facebook.com/story.php?story_fbid=424439498450919&id=291670188394518
420700495491486,"Visit us today & tomorrow to receive a warm welcome from our resident vampire ü§™

#herit8ge #jewelchangiairport #halloween #vampire #fusion #food #restaurant",2019-10-26 19:48:37,[],9,0,https://facebook.com/watch?v=397748097834014
419026345658901,"Herit8ge is officially prepared for Halloween so do come by this weekend and spot our creepy mascot that will be giving out treats (or tricks) ü§°üéÉüëª

We also have a special treat for those visitors dressed in halloween costumes from 26th to 31st of October! Hope to see all your boo-tiful faces here! ü§™

#herit8ge #jewelchangiairport #cafesg #fusion #food",2019-10-24 14:08:56,[],8,0,https://facebook.com/watch?v=2611488548916121
414593132768889,"Using elements of the Malay Satay and Mexican Taco, this dish consists of spice-marinated chicken, pineapple and cucumbers slathered with spicy peanut sauce in crispy corn tortilla, making it so addictive üòã #JewelChangiAirport #Fusion #cafesg #cafe #food #fusion #taco #mexican #malay",2019-10-19 14:23:04,"['https://scontent-xsp1-1.xx.fbcdn.net/v/t1.0-9/fr/cp0/e15/q65/72476954_414593139435555_5614029805042270208_o.jpg?_nc_cat=102&_nc_sid=2d5d41&_nc_ohc=YGJOM_ZHPYkAX_fLEiA&_nc_ht=scontent-xsp1-1.xx&tp=14&oh=bda5aca9847b259cdf1678ba20d3be76&oe=5FABD0AE', 'https://scontent-xsp1-1.xx.fbcdn.net/v/t1.0-9/fr/cp0/e15/q65/72476954_414593139435555_5614029805042270208_o.jpg?_nc_cat=102&_nc_sid=2d5d41&_nc_ohc=YGJOM_ZHPYkAX_fLEiA&_nc_ht=scontent-xsp1-1.xx&tp=14&oh=bda5aca9847b259cdf1678ba20d3be76&oe=5FABD0AE', 'https://scontent-xsp1-1.xx.fbcdn.net/v/t1.0-9/fr/cp0/e15/q65/72476954_414593139435555_5614029805042270208_o.jpg?_nc_cat=102&_nc_sid=2d5d41&_nc_ohc=YGJOM_ZHPYkAX_fLEiA&_nc_ht=scontent-xsp1-1.xx&tp=14&oh=bda5aca9847b259cdf1678ba20d3be76&oe=5FABD0AE']",10,0,
413886859506183,"Did you know that Jewel Changi Airport OFFICIALLY opens today? ü§©

Watch the opening LIVE via Facebook or come down to Jewel to join the party! Do visit Herit8ge to try our unique fusion creations! ‚ù§Ô∏è #jewelchangiairport #herit8ge #cafesg #cafe #restaurant #food #fusionfood #seejewel

Jewel Changi Airport
18 October 2019 at 12:00 ¬∑

Tune in tonight as we unveil the surprise ‚ÄòLIVE‚Äô on Facebook!

#JewelChangiAirport #SeeJewel",2019-10-18 19:07:53,['https://scontent-xsp1-2.xx.fbcdn.net/v/t1.0-9/fr/cp0/e15/q65/74343941_1968367533318109_1154414349339590656_o.jpg?_nc_cat=104&_nc_sid=8024bb&_nc_ohc=ssfxXXtYD4UAX8LcYd4&_nc_ht=scontent-xsp1-2.xx&tp=14&oh=2d87dfe61f4355af3ea0a7ccf8aeb4cb&oe=5FACE016'],8,0,https://facebook.com/story.php?story_fbid=413886859506183&id=291670188394518
408525160042353,"Head down and try our Weekday set lunch - enjoy the best of both worlds, Herit8ge's Fish & Chips and Charsiu-Licious! ü§©

Available on weekdays from 11am-2.30pm #Herit8ge #JewelChangiAirport #Fusion #cafesg #cafe #food #fusion #lunch",2019-10-11 19:28:35,"['https://scontent-xsp1-1.xx.fbcdn.net/v/t1.0-9/fr/cp0/e15/q65/72487585_408525163375686_7744538483863060480_o.jpg?_nc_cat=111&_nc_sid=2d5d41&_nc_ohc=c0M2-7Rfs2oAX8bAgkP&_nc_ht=scontent-xsp1-1.xx&tp=14&oh=eb648dc87defcb182683f8a6ad7a5565&oe=5FACC742', 'https://scontent-xsp1-1.xx.fbcdn.net/v/t1.0-9/fr/cp0/e15/q65/72487585_408525163375686_7744538483863060480_o.jpg?_nc_cat=111&_nc_sid=2d5d41&_nc_ohc=c0M2-7Rfs2oAX8bAgkP&_nc_ht=scontent-xsp1-1.xx&tp=14&oh=eb648dc87defcb182683f8a6ad7a5565&oe=5FACC742', 'https://scontent-xsp1-1.xx.fbcdn.net/v/t1.0-9/fr/cp0/e15/q65/72487585_408525163375686_7744538483863060480_o.jpg?_nc_cat=111&_nc_sid=2d5d41&_nc_ohc=c0M2-7Rfs2oAX8bAgkP&_nc_ht=scontent-xsp1-1.xx&tp=14&oh=eb648dc87defcb182683f8a6ad7a5565&oe=5FACC742']",12,0,
404885430406326,"Mini Charsiu-licious for an event with @8bybottlesandbottlessg! Glazed with the familiar Char Siu BBQ sauce and oven-baked to perfection, it is served with kueh tupat rice and nyonya achar ü§©

#Herit8ge #JewelChangiAirport #cafesg #sgcafe #food #fusion #cheers #foodandwine",2019-10-06 18:00:44,"['https://scontent-xsp1-1.xx.fbcdn.net/v/t1.0-9/fr/cp0/e15/q65/72292417_404885433739659_7457018881849163776_o.jpg?_nc_cat=110&_nc_sid=2d5d41&_nc_ohc=GE2cKawyx2AAX8nk48q&_nc_ht=scontent-xsp1-1.xx&tp=14&oh=408e7bdcabb3beb9b6f9b4aa06a49aa4&oe=5FABEF26', 'https://scontent-xsp1-1.xx.fbcdn.net/v/t1.0-9/fr/cp0/e15/q65/72292417_404885433739659_7457018881849163776_o.jpg?_nc_cat=110&_nc_sid=2d5d41&_nc_ohc=GE2cKawyx2AAX8nk48q&_nc_ht=scontent-xsp1-1.xx&tp=14&oh=408e7bdcabb3beb9b6f9b4aa06a49aa4&oe=5FABEF26', 'https://scontent-xsp1-1.xx.fbcdn.net/v/t1.0-9/fr/cp0/e15/q65/72292417_404885433739659_7457018881849163776_o.jpg?_nc_cat=110&_nc_sid=2d5d41&_nc_ohc=GE2cKawyx2AAX8nk48q&_nc_ht=scontent-xsp1-1.xx&tp=14&oh=408e7bdcabb3beb9b6f9b4aa06a49aa4&oe=5FABEF26']",13,1,
397645567796979,"One of our bestseller across the different outlets, the Valrhona Chocolate Blackout Cake has arrived at Herit8ge with a different appearance. It is a moist chocolate cake with Valrhona Guanaja chocolate, topped with chocolate sprinkles. It goes perfectly with our tea and coffee so head down to Herit8ge for an afternoon snack! üòä

#herit8ge #jewelchangiairport #cafesg #sgcafe #food",2019-09-26 14:47:15,"['https://scontent-xsp1-2.xx.fbcdn.net/v/t1.0-9/fr/cp0/e15/q65/71111281_397645571130312_4620164541567729664_o.jpg?_nc_cat=104&_nc_sid=2d5d41&_nc_ohc=svBHqjA4cDUAX-hAo5H&_nc_ht=scontent-xsp1-2.xx&tp=14&oh=afb59c66290280df3feb0c466c5d4ed9&oe=5FACDCB3', 'https://scontent-xsp1-2.xx.fbcdn.net/v/t1.0-9/fr/cp0/e15/q65/71111281_397645571130312_4620164541567729664_o.jpg?_nc_cat=104&_nc_sid=2d5d41&_nc_ohc=svBHqjA4cDUAX-hAo5H&_nc_ht=scontent-xsp1-2.xx&tp=14&oh=afb59c66290280df3feb0c466c5d4ed9&oe=5FACDCB3', 'https://scontent-xsp1-2.xx.fbcdn.net/v/t1.0-9/fr/cp0/e15/q65/71111281_397645571130312_4620164541567729664_o.jpg?_nc_cat=104&_nc_sid=2d5d41&_nc_ohc=svBHqjA4cDUAX-hAo5H&_nc_ht=scontent-xsp1-2.xx&tp=14&oh=afb59c66290280df3feb0c466c5d4ed9&oe=5FACDCB3']",7,1,
393549808206555,"‚ÄúAll good things come in pairs.‚Äù A seemingly everyday Singaporean dish now armed with a Mexican twist, our Kong Bak Bao consist of braised pork belly in local herbs with capsicum and onion sandwiched between choices of steamed or fried bun with frisee lettuce leaves in a set of 2. While you are here, try it with other crowd favourites such as our empress pasta & our take on the British Classic Fish & Chips! üòç

#herit8ge #jewelchangiairport #cafesg #sgcafe #food",2019-09-20 16:47:55,"['https://scontent-xsp1-2.xx.fbcdn.net/v/t1.0-9/fr/cp0/e15/q65/70537855_393549811539888_3198277586291523584_n.jpg?_nc_cat=104&_nc_sid=2d5d41&_nc_ohc=kGEeW-56R6IAX9rZZh8&_nc_ht=scontent-xsp1-2.xx&tp=14&oh=ca4cba79f02cc8c4820c1264c6c23330&oe=5FAEF8E5', 'https://scontent-xsp1-2.xx.fbcdn.net/v/t1.0-9/fr/cp0/e15/q65/70537855_393549811539888_3198277586291523584_n.jpg?_nc_cat=104&_nc_sid=2d5d41&_nc_ohc=kGEeW-56R6IAX9rZZh8&_nc_ht=scontent-xsp1-2.xx&tp=14&oh=ca4cba79f02cc8c4820c1264c6c23330&oe=5FAEF8E5', 'https://scontent-xsp1-2.xx.fbcdn.net/v/t1.0-9/fr/cp0/e15/q65/70537855_393549811539888_3198277586291523584_n.jpg?_nc_cat=104&_nc_sid=2d5d41&_nc_ohc=kGEeW-56R6IAX9rZZh8&_nc_ht=scontent-xsp1-2.xx&tp=14&oh=ca4cba79f02cc8c4820c1264c6c23330&oe=5FAEF8E5']",5,0,
388823402012529,"Happy Mid-Autumn Festival from everyone at Herit8ge! Savour Herit8ge‚Äôs local delights with a modern twist as you celebrate with your family today! Don‚Äôt forget to order some tea on this special day - try our special Pandan Osmanthus Tea or Summer Dreams tea! üçµüéë

#herit8ge #cafesg #jewel #jewelchangiarport #coffeesg #sgcafe",2019-09-13 17:18:49,"['https://scontent-xsp1-2.xx.fbcdn.net/v/t1.0-9/fr/cp0/e15/q65/69692364_388823405345862_6911278243907633152_n.jpg?_nc_cat=107&_nc_sid=2d5d41&_nc_ohc=52xl_qnb0egAX_bSc55&_nc_ht=scontent-xsp1-2.xx&tp=14&oh=84f702a8bcf63da9655f44b218864901&oe=5FAE6A4F', 'https://scontent-xsp1-2.xx.fbcdn.net/v/t1.0-9/fr/cp0/e15/q65/69692364_388823405345862_6911278243907633152_n.jpg?_nc_cat=107&_nc_sid=2d5d41&_nc_ohc=52xl_qnb0egAX_bSc55&_nc_ht=scontent-xsp1-2.xx&tp=14&oh=84f702a8bcf63da9655f44b218864901&oe=5FAE6A4F', 'https://scontent-xsp1-2.xx.fbcdn.net/v/t1.0-9/fr/cp0/e15/q65/69692364_388823405345862_6911278243907633152_n.jpg?_nc_cat=107&_nc_sid=2d5d41&_nc_ohc=52xl_qnb0egAX_bSc55&_nc_ht=scontent-xsp1-2.xx&tp=14&oh=84f702a8bcf63da9655f44b218864901&oe=5FAE6A4F']",6,0,
371006880460848,"Crowd‚Äôs favourite Empress pasta üòç, beautifully taken by @babyjchow ! We‚Äôve spent a long time perfecting the dish to get the perfect balance of local flavours with a modern twist. You gotta try to know it!
#herit8ge #herit8gesg #cafesg #jewelchangiairport #singaporefood #sgfoodie #sgfood #instafoos",2019-08-17 17:37:54,"['https://scontent-xsp1-2.xx.fbcdn.net/v/t1.0-9/fr/cp0/e15/q65/69204179_371006887127514_1751606651082768384_o.jpg?_nc_cat=101&_nc_sid=2d5d41&_nc_ohc=1EpdykOuKOwAX9dnKY2&_nc_ht=scontent-xsp1-2.xx&tp=14&oh=2f044b604d50352d5e74cb8cd9184559&oe=5FAEE8DE', 'https://scontent-xsp1-2.xx.fbcdn.net/v/t1.0-9/fr/cp0/e15/q65/69204179_371006887127514_1751606651082768384_o.jpg?_nc_cat=101&_nc_sid=2d5d41&_nc_ohc=1EpdykOuKOwAX9dnKY2&_nc_ht=scontent-xsp1-2.xx&tp=14&oh=2f044b604d50352d5e74cb8cd9184559&oe=5FAEE8DE', 'https://scontent-xsp1-2.xx.fbcdn.net/v/t1.0-9/fr/cp0/e15/q65/69204179_371006887127514_1751606651082768384_o.jpg?_nc_cat=101&_nc_sid=2d5d41&_nc_ohc=1EpdykOuKOwAX9dnKY2&_nc_ht=scontent-xsp1-2.xx&tp=14&oh=2f044b604d50352d5e74cb8cd9184559&oe=5FAEE8DE']",17,0,
365958950965641,"2019 marks an important year, as we commemorate the bicentennial founding of modern Singapore, celebrating how far we have come as a small nation.

FFL Group hereby wishes all Singaporeans a wonderful and Happy 54th National Day!

üì∏ @theonlinecitizen",2019-08-09 13:43:30,"['https://scontent-xsp1-2.xx.fbcdn.net/v/t1.0-9/fr/cp0/e15/q65/67840213_365958954298974_4665444685257375744_n.jpg?_nc_cat=104&_nc_sid=2d5d41&_nc_ohc=BgwaL6ynyd0AX-K64ev&_nc_ht=scontent-xsp1-2.xx&tp=14&oh=5346d28f103274b0fcc4f4c805e8735b&oe=5FACE573', 'https://scontent-xsp1-2.xx.fbcdn.net/v/t1.0-9/fr/cp0/e15/q65/67840213_365958954298974_4665444685257375744_n.jpg?_nc_cat=104&_nc_sid=2d5d41&_nc_ohc=BgwaL6ynyd0AX-K64ev&_nc_ht=scontent-xsp1-2.xx&tp=14&oh=5346d28f103274b0fcc4f4c805e8735b&oe=5FACE573', 'https://scontent-xsp1-2.xx.fbcdn.net/v/t1.0-9/fr/cp0/e15/q65/67840213_365958954298974_4665444685257375744_n.jpg?_nc_cat=104&_nc_sid=2d5d41&_nc_ohc=BgwaL6ynyd0AX-K64ev&_nc_ht=scontent-xsp1-2.xx&tp=14&oh=5346d28f103274b0fcc4f4c805e8735b&oe=5FACE573']",2,0,
364776171083919,We are open daily for this upcoming long weekend! Do drop by for some great food and drinks! We would also like to take this opportunity to wish everyone a Happy National Day and a Happy Hari Raya Haji!,2019-08-07 16:31:04,"['https://scontent-xsp1-2.xx.fbcdn.net/v/t1.0-9/fr/cp0/e15/q65/68898709_364776177750585_5475244220409184256_o.jpg?_nc_cat=109&_nc_sid=2d5d41&_nc_ohc=mli7UFpPp98AX_0Vmjy&_nc_ht=scontent-xsp1-2.xx&tp=14&oh=bcc157a792867a38ce10cfd3e28951bf&oe=5FADDB1A', 'https://scontent-xsp1-2.xx.fbcdn.net/v/t1.0-9/fr/cp0/e15/q65/68898709_364776177750585_5475244220409184256_o.jpg?_nc_cat=109&_nc_sid=2d5d41&_nc_ohc=mli7UFpPp98AX_0Vmjy&_nc_ht=scontent-xsp1-2.xx&tp=14&oh=bcc157a792867a38ce10cfd3e28951bf&oe=5FADDB1A', 'https://scontent-xsp1-2.xx.fbcdn.net/v/t1.0-9/fr/cp0/e15/q65/68898709_364776177750585_5475244220409184256_o.jpg?_nc_cat=109&_nc_sid=2d5d41&_nc_ohc=mli7UFpPp98AX_0Vmjy&_nc_ht=scontent-xsp1-2.xx&tp=14&oh=bcc157a792867a38ce10cfd3e28951bf&oe=5FADDB1A']",2,0,
358717308356472,"Even the Samsui woman loves our food! Head down to Herit8ge to check out our take on the Modern Singapore cuisine!

üì∏ @piiluss

#cafesg #herit8ge #jewelchangiairport #heritage",2019-07-28 10:46:43,"['https://scontent-xsp1-2.xx.fbcdn.net/v/t1.0-9/fr/cp0/e15/q65/67197497_358717311689805_6751427549789683712_o.jpg?_nc_cat=100&_nc_sid=2d5d41&_nc_ohc=ZhjnMCQWR3gAX-X7pIq&_nc_ht=scontent-xsp1-2.xx&tp=14&oh=47f5608c0c5664b6801ecede1ec81fa1&oe=5FAD743E', 'https://scontent-xsp1-2.xx.fbcdn.net/v/t1.0-9/fr/cp0/e15/q65/67197497_358717311689805_6751427549789683712_o.jpg?_nc_cat=100&_nc_sid=2d5d41&_nc_ohc=ZhjnMCQWR3gAX-X7pIq&_nc_ht=scontent-xsp1-2.xx&tp=14&oh=47f5608c0c5664b6801ecede1ec81fa1&oe=5FAD743E', 'https://scontent-xsp1-2.xx.fbcdn.net/v/t1.0-9/fr/cp0/e15/q65/67197497_358717311689805_6751427549789683712_o.jpg?_nc_cat=100&_nc_sid=2d5d41&_nc_ohc=ZhjnMCQWR3gAX-X7pIq&_nc_ht=scontent-xsp1-2.xx&tp=14&oh=47f5608c0c5664b6801ecede1ec81fa1&oe=5FAD743E']",14,0,
354530922108444,"Our truffle carrot cake. Deep fried till golden brown, before drizzling with truffle oil. Served with our homemade sauce.

This is our take on serving local traditional food, with a twist.

#cafesg #herit8ge #jewelchangiairport",2019-07-21 10:17:02,"['https://scontent-xsp1-1.xx.fbcdn.net/v/t1.0-9/fr/cp0/e15/q65/67408317_354530925441777_4770649922057797632_o.jpg?_nc_cat=111&_nc_sid=2d5d41&_nc_ohc=OERx_krY9zgAX9C_hR0&_nc_ht=scontent-xsp1-1.xx&tp=14&oh=cd6128e0d82142c2f088228cfe9b8684&oe=5FADDF0E', 'https://scontent-xsp1-1.xx.fbcdn.net/v/t1.0-9/fr/cp0/e15/q65/67408317_354530925441777_4770649922057797632_o.jpg?_nc_cat=111&_nc_sid=2d5d41&_nc_ohc=OERx_krY9zgAX9C_hR0&_nc_ht=scontent-xsp1-1.xx&tp=14&oh=cd6128e0d82142c2f088228cfe9b8684&oe=5FADDF0E', 'https://scontent-xsp1-1.xx.fbcdn.net/v/t1.0-9/fr/cp0/e15/q65/67408317_354530925441777_4770649922057797632_o.jpg?_nc_cat=111&_nc_sid=2d5d41&_nc_ohc=OERx_krY9zgAX9C_hR0&_nc_ht=scontent-xsp1-1.xx&tp=14&oh=cd6128e0d82142c2f088228cfe9b8684&oe=5FADDF0E']",11,0,
349305572630979,"We have revised our operating hours! Drop by herit8ge this weekend for some good food and nice drinks!

#cafesg #herit8ge #jewelchangiairport",2019-07-12 17:58:12,"['https://scontent-xsp1-1.xx.fbcdn.net/v/t1.0-9/fr/cp0/e15/q65/66666573_349305575964312_7682149423849144320_o.jpg?_nc_cat=108&_nc_sid=2d5d41&_nc_ohc=zOfCutWvIMQAX8lWlDU&_nc_oc=AQkssP_B1SR8TayTj5e6LIrIRkCW9I164VFynV7Agky2xcrNsANt0XAi9Cdvl_uCfMY&_nc_ht=scontent-xsp1-1.xx&tp=14&oh=0d7719e52c592bae1cbd5613428c2c99&oe=5FABC4E1', 'https://scontent-xsp1-1.xx.fbcdn.net/v/t1.0-9/fr/cp0/e15/q65/66666573_349305575964312_7682149423849144320_o.jpg?_nc_cat=108&_nc_sid=2d5d41&_nc_ohc=zOfCutWvIMQAX8lWlDU&_nc_oc=AQkssP_B1SR8TayTj5e6LIrIRkCW9I164VFynV7Agky2xcrNsANt0XAi9Cdvl_uCfMY&_nc_ht=scontent-xsp1-1.xx&tp=14&oh=0d7719e52c592bae1cbd5613428c2c99&oe=5FABC4E1', 'https://scontent-xsp1-1.xx.fbcdn.net/v/t1.0-9/fr/cp0/e15/q65/66666573_349305575964312_7682149423849144320_o.jpg?_nc_cat=108&_nc_sid=2d5d41&_nc_ohc=zOfCutWvIMQAX8lWlDU&_nc_oc=AQkssP_B1SR8TayTj5e6LIrIRkCW9I164VFynV7Agky2xcrNsANt0XAi9Cdvl_uCfMY&_nc_ht=scontent-xsp1-1.xx&tp=14&oh=0d7719e52c592bae1cbd5613428c2c99&oe=5FABC4E1']",7,0,
345813636313506,"Inspired by classic teochew dessert, Orh N√©e (taro paste) and the Western contemporary carrot cake, our yam genoise sponge cake topped with roasted coconut slices is sure to delight you with a taste of the past.

Jewel is currently running a late night promotion where diners who spend a minimum of $10 after 11pm would receive a pair of complimentary canopy park tickets (worth $10)! Head on down to Herit8ge for a late night supper!

#cafesg #jewelchangiairport #herit8ge #heritage",2019-07-06 14:46:47,"['https://scontent-xsp1-1.xx.fbcdn.net/v/t1.0-9/fr/cp0/e15/q65/66585570_345813642980172_1234223612022489088_o.jpg?_nc_cat=110&_nc_sid=2d5d41&_nc_ohc=ZA94NPaLbigAX9o3k94&_nc_ht=scontent-xsp1-1.xx&tp=14&oh=1952d1eb42aea6ff46250ed60d4b7904&oe=5FAE258F', 'https://scontent-xsp1-1.xx.fbcdn.net/v/t1.0-9/fr/cp0/e15/q65/66585570_345813642980172_1234223612022489088_o.jpg?_nc_cat=110&_nc_sid=2d5d41&_nc_ohc=ZA94NPaLbigAX9o3k94&_nc_ht=scontent-xsp1-1.xx&tp=14&oh=1952d1eb42aea6ff46250ed60d4b7904&oe=5FAE258F', 'https://scontent-xsp1-1.xx.fbcdn.net/v/t1.0-9/fr/cp0/e15/q65/66585570_345813642980172_1234223612022489088_o.jpg?_nc_cat=110&_nc_sid=2d5d41&_nc_ohc=ZA94NPaLbigAX9o3k94&_nc_ht=scontent-xsp1-1.xx&tp=14&oh=1952d1eb42aea6ff46250ed60d4b7904&oe=5FAE258F']",15,0,
341187396776130,"Jewel is currently running a late night promotion for late night diners!

For diners who make a minimum spending of $10 after 11pm at herit8ge, you will receive a pair of complimentary canopy park tickets!

Head on down to herti8ge today for some late night supper!

#cafesg #herit8ge #jewelchangiairport",2019-06-28 18:31:41,"['https://scontent-xsp1-2.xx.fbcdn.net/v/t1.0-9/fr/cp0/e15/q65/65184630_341187406776129_6822872999318781952_o.jpg?_nc_cat=107&_nc_sid=2d5d41&_nc_ohc=k-ntBEvYDDIAX83zKy4&_nc_ht=scontent-xsp1-2.xx&tp=14&oh=e40f842fb26b0c736fad868a19138053&oe=5FAD606D', 'https://scontent-xsp1-2.xx.fbcdn.net/v/t1.0-9/fr/cp0/e15/q65/65184630_341187406776129_6822872999318781952_o.jpg?_nc_cat=107&_nc_sid=2d5d41&_nc_ohc=k-ntBEvYDDIAX83zKy4&_nc_ht=scontent-xsp1-2.xx&tp=14&oh=e40f842fb26b0c736fad868a19138053&oe=5FAD606D', 'https://scontent-xsp1-2.xx.fbcdn.net/v/t1.0-9/fr/cp0/e15/q65/65184630_341187406776129_6822872999318781952_o.jpg?_nc_cat=107&_nc_sid=2d5d41&_nc_ohc=k-ntBEvYDDIAX83zKy4&_nc_ht=scontent-xsp1-2.xx&tp=14&oh=e40f842fb26b0c736fad868a19138053&oe=5FAD606D']",17,2,
335771253984411,"Head on down to Herit8ge today with your family and friends for a meal of good food while reminiscing the good ol‚Äô days! ‚Å£‚Å£‚Å£
‚Å£‚Å£
Featured items includes our‚Å£‚Å£‚Å£
- Empress Pasta‚Å£‚Å£‚Å£
- Charsiew-licious‚Å£‚Å£‚Å£
- Otah otah e Olio ‚Å£‚Å£
- Mala Popcorn Chicken ‚Å£‚Å£
- Kong Bak Bao in Mexican Sauce

üì∏ @suivezcheryl‚Å£‚Å£‚Å£
‚Å£‚Å£
#cafesg #jewelchangiairport #herit8ge",2019-06-20 16:51:24,"['https://scontent-xsp1-2.xx.fbcdn.net/v/t1.0-9/fr/cp0/e15/q65/64782692_335771260651077_4952833325128482816_o.jpg?_nc_cat=106&_nc_sid=2d5d41&_nc_ohc=zYWAfBZd-eEAX-upELo&_nc_ht=scontent-xsp1-2.xx&tp=14&oh=672b83bf2420bd13763bd670dca3479c&oe=5FAC0E99', 'https://scontent-xsp1-2.xx.fbcdn.net/v/t1.0-9/fr/cp0/e15/q65/64782692_335771260651077_4952833325128482816_o.jpg?_nc_cat=106&_nc_sid=2d5d41&_nc_ohc=zYWAfBZd-eEAX-upELo&_nc_ht=scontent-xsp1-2.xx&tp=14&oh=672b83bf2420bd13763bd670dca3479c&oe=5FAC0E99', 'https://scontent-xsp1-2.xx.fbcdn.net/v/t1.0-9/fr/cp0/e15/q65/64782692_335771260651077_4952833325128482816_o.jpg?_nc_cat=106&_nc_sid=2d5d41&_nc_ohc=zYWAfBZd-eEAX-upELo&_nc_ht=scontent-xsp1-2.xx&tp=14&oh=672b83bf2420bd13763bd670dca3479c&oe=5FAC0E99']",5,0,
335770183984518,"Head on down to Herit8ge today with your family and friends for a meal of good food while reminiscing the good ol‚Äô days! ‚Å£‚Å£
‚Å£
Featured items includes our‚Å£‚Å£
- Empress Pasta‚Å£‚Å£
- Charsiew-licious‚Å£‚Å£
- Otah otah e Olio ‚Å£
- Mala Popcorn Chicken ‚Å£
- Kong Bak Bao in Mexican Sauce ‚Å£

üì∏ @suivezcheryl‚Å£‚Å£
‚Å£‚Å£
#cafesg #jewelchangiairport #herit8ge",2019-06-20 16:49:50,"['https://scontent-xsp1-1.xx.fbcdn.net/v/t1.0-9/fr/cp0/e15/q65/64810111_335770187317851_5253771693465272320_o.jpg?_nc_cat=102&_nc_sid=2d5d41&_nc_ohc=7eWxTaUXZF0AX8NeMFz&_nc_ht=scontent-xsp1-1.xx&tp=14&oh=7306bd5f27e5e8ca831c0da996c8e108&oe=5FAD6ECF', 'https://scontent-xsp1-1.xx.fbcdn.net/v/t1.0-9/fr/cp0/e15/q65/64810111_335770187317851_5253771693465272320_o.jpg?_nc_cat=102&_nc_sid=2d5d41&_nc_ohc=7eWxTaUXZF0AX8NeMFz&_nc_ht=scontent-xsp1-1.xx&tp=14&oh=7306bd5f27e5e8ca831c0da996c8e108&oe=5FAD6ECF', 'https://scontent-xsp1-1.xx.fbcdn.net/v/t1.0-9/fr/cp0/e15/q65/64810111_335770187317851_5253771693465272320_o.jpg?_nc_cat=102&_nc_sid=2d5d41&_nc_ohc=7eWxTaUXZF0AX8NeMFz&_nc_ht=scontent-xsp1-1.xx&tp=14&oh=7306bd5f27e5e8ca831c0da996c8e108&oe=5FAD6ECF']",15,0,
331265201101683,"Serving modern western cuisine with a local twist, Herit8ge transforms classic local dishes into modern dishes that is both visually appealing and delicious.
Join us at Herit8ge this weekend, to enjoy our crowd favourites and signature items such as ‚ÄúCereal Prawn Pasta‚Äù and ‚ÄúChar-Siew Bbq Pork Ribs‚Äù

Make your reservations today!

üì∏ @sgfoodlifestyle

#herit8ge #cafesg #70s #jewelchangiairport",2019-06-13 18:15:12,[],9,0,https://facebook.com/watch?v=615198922224248
327205384840998,"Our lotus treasure. A creamy mixture of steamed glutinous rice with braised pork belly, carrots and onions, topped with shredded mozzarella cheese and wrapped in lotus leaf. Our unconventional take on making something traditional, extraordinary.

Head down to Herit8ge at Jewel, Changi Airport this weekend to taste it for yourself.

#herit8ge #cafesg #jewelchangiairport",2019-06-07 14:59:55,"['https://scontent-xsp1-2.xx.fbcdn.net/v/t1.0-9/fr/cp0/e15/q65/62317638_327205391507664_859165343791185920_o.jpg?_nc_cat=107&_nc_sid=2d5d41&_nc_ohc=F3dsl1mWgsIAX8qA43c&_nc_ht=scontent-xsp1-2.xx&tp=14&oh=2af77d5d6046890643cc945da58ffdfd&oe=5FAE04F1', 'https://scontent-xsp1-2.xx.fbcdn.net/v/t1.0-9/fr/cp0/e15/q65/62317638_327205391507664_859165343791185920_o.jpg?_nc_cat=107&_nc_sid=2d5d41&_nc_ohc=F3dsl1mWgsIAX8qA43c&_nc_ht=scontent-xsp1-2.xx&tp=14&oh=2af77d5d6046890643cc945da58ffdfd&oe=5FAE04F1', 'https://scontent-xsp1-2.xx.fbcdn.net/v/t1.0-9/fr/cp0/e15/q65/62317638_327205391507664_859165343791185920_o.jpg?_nc_cat=107&_nc_sid=2d5d41&_nc_ohc=F3dsl1mWgsIAX8qA43c&_nc_ht=scontent-xsp1-2.xx&tp=14&oh=2af77d5d6046890643cc945da58ffdfd&oe=5FAE04F1']",15,0,
325768098318060,"We would like to wish everyone a happy Hari Raya!

Join us on this public holiday for great food and drinks!

#happyhariraya #herit8ge #cafesg",2019-06-05 11:02:53,"['https://scontent-xsp1-1.xx.fbcdn.net/v/t1.0-9/fr/cp0/e15/q65/61841003_325768101651393_3329330434495479808_n.jpg?_nc_cat=102&_nc_sid=2d5d41&_nc_ohc=z2sMw6t_yFEAX_JE3rS&_nc_ht=scontent-xsp1-1.xx&tp=14&oh=22a4c329bcd1206571344b9705f97554&oe=5FAE6C0D', 'https://scontent-xsp1-1.xx.fbcdn.net/v/t1.0-9/fr/cp0/e15/q65/61841003_325768101651393_3329330434495479808_n.jpg?_nc_cat=102&_nc_sid=2d5d41&_nc_ohc=z2sMw6t_yFEAX_JE3rS&_nc_ht=scontent-xsp1-1.xx&tp=14&oh=22a4c329bcd1206571344b9705f97554&oe=5FAE6C0D', 'https://scontent-xsp1-1.xx.fbcdn.net/v/t1.0-9/fr/cp0/e15/q65/61841003_325768101651393_3329330434495479808_n.jpg?_nc_cat=102&_nc_sid=2d5d41&_nc_ohc=z2sMw6t_yFEAX_JE3rS&_nc_ht=scontent-xsp1-1.xx&tp=14&oh=22a4c329bcd1206571344b9705f97554&oe=5FAE6C0D']",0,0,
321981242030079,"The Empress Pasta. Our take on creating a pasta dish infused with local singaporean flavours.

King prawns coated with butter cereal, tossed with cream-based spaghetti and topped with fried mantou, cereal crumbs, curry leaves and Chili padi.

We are sure that you will come back for more.

#herit8ge #jewelchangiairport #cafesg",2019-05-30 15:58:53,"['https://scontent-xsp1-1.xx.fbcdn.net/v/t1.0-9/fr/cp0/e15/q65/61293463_321981245363412_7812447392896122880_o.jpg?_nc_cat=105&_nc_sid=2d5d41&_nc_ohc=eY-_GUORTmkAX99f0pn&_nc_ht=scontent-xsp1-1.xx&tp=14&oh=c0f0adf40901a973a5220f3c7fc8c6f0&oe=5FACC771', 'https://scontent-xsp1-1.xx.fbcdn.net/v/t1.0-9/fr/cp0/e15/q65/61293463_321981245363412_7812447392896122880_o.jpg?_nc_cat=105&_nc_sid=2d5d41&_nc_ohc=eY-_GUORTmkAX99f0pn&_nc_ht=scontent-xsp1-1.xx&tp=14&oh=c0f0adf40901a973a5220f3c7fc8c6f0&oe=5FACC771', 'https://scontent-xsp1-1.xx.fbcdn.net/v/t1.0-9/fr/cp0/e15/q65/61293463_321981245363412_7812447392896122880_o.jpg?_nc_cat=105&_nc_sid=2d5d41&_nc_ohc=eY-_GUORTmkAX99f0pn&_nc_ht=scontent-xsp1-1.xx&tp=14&oh=c0f0adf40901a973a5220f3c7fc8c6f0&oe=5FACC771']",5,0,
317776375783899,"Try our twist to all time favourites BBQ pork ribs that is glazed with char siu barbecue sauce and oven baked to perfection.
Served with kuek tupat rice and nyonya achar.

#herit8ge #jewelchangiairport #cafesg",2019-05-23 16:25:44,"['https://scontent-xsp1-2.xx.fbcdn.net/v/t1.0-9/fr/cp0/e15/q65/60965607_317776379117232_7608957885430628352_o.jpg?_nc_cat=107&_nc_sid=2d5d41&_nc_ohc=pydHuXj0vcQAX-WlSpM&_nc_ht=scontent-xsp1-2.xx&tp=14&oh=c950e14dbfe1da243e76706616c0ed79&oe=5FADEDDB', 'https://scontent-xsp1-2.xx.fbcdn.net/v/t1.0-9/fr/cp0/e15/q65/60965607_317776379117232_7608957885430628352_o.jpg?_nc_cat=107&_nc_sid=2d5d41&_nc_ohc=pydHuXj0vcQAX-WlSpM&_nc_ht=scontent-xsp1-2.xx&tp=14&oh=c950e14dbfe1da243e76706616c0ed79&oe=5FADEDDB', 'https://scontent-xsp1-2.xx.fbcdn.net/v/t1.0-9/fr/cp0/e15/q65/60965607_317776379117232_7608957885430628352_o.jpg?_nc_cat=107&_nc_sid=2d5d41&_nc_ohc=pydHuXj0vcQAX-WlSpM&_nc_ht=scontent-xsp1-2.xx&tp=14&oh=c950e14dbfe1da243e76706616c0ed79&oe=5FADEDDB']",11,0,
315414059353464,"May you be filled with love, peace and joy. Vegetarian options are available.‚Å£
‚Å£‚Å£‚Å£
#happyvesakday #herit8ge #vegetarianoptions",2019-05-19 16:22:32,"['https://scontent-xsp1-2.xx.fbcdn.net/v/t1.0-9/fr/cp0/e15/q65/60482875_315414066020130_7485995248078815232_o.jpg?_nc_cat=109&_nc_sid=2d5d41&_nc_ohc=fM8wOBoTSwMAX-cUu0P&_nc_ht=scontent-xsp1-2.xx&tp=14&oh=127ea3a663dfcfa865a216d9b2873c59&oe=5FAC3C3C', 'https://scontent-xsp1-2.xx.fbcdn.net/v/t1.0-9/fr/cp0/e15/q65/60482875_315414066020130_7485995248078815232_o.jpg?_nc_cat=109&_nc_sid=2d5d41&_nc_ohc=fM8wOBoTSwMAX-cUu0P&_nc_ht=scontent-xsp1-2.xx&tp=14&oh=127ea3a663dfcfa865a216d9b2873c59&oe=5FAC3C3C', 'https://scontent-xsp1-2.xx.fbcdn.net/v/t1.0-9/fr/cp0/e15/q65/60482875_315414066020130_7485995248078815232_o.jpg?_nc_cat=109&_nc_sid=2d5d41&_nc_ohc=fM8wOBoTSwMAX-cUu0P&_nc_ht=scontent-xsp1-2.xx&tp=14&oh=127ea3a663dfcfa865a216d9b2873c59&oe=5FAC3C3C']",2,0,
314158489479021,"Many can‚Äôt resist after seeing Herit8ge‚Äôs food cart! Yes, we serve all this delectable food so come on in and have a feast! #herit8ge #foodcart #jewelchangiairport",2019-05-17 18:14:26,"['https://scontent-xsp1-2.xx.fbcdn.net/v/t1.0-9/fr/cp0/e15/q65/60357923_314158492812354_2910006785907621888_n.jpg?_nc_cat=104&_nc_sid=2d5d41&_nc_ohc=KvS-6bL34ZIAX9Vw5GW&_nc_ht=scontent-xsp1-2.xx&tp=14&oh=76f0032afb9d05376311e050bd88cdb6&oe=5FAD4BAC', 'https://scontent-xsp1-2.xx.fbcdn.net/v/t1.0-9/fr/cp0/e15/q65/60357923_314158492812354_2910006785907621888_n.jpg?_nc_cat=104&_nc_sid=2d5d41&_nc_ohc=KvS-6bL34ZIAX9Vw5GW&_nc_ht=scontent-xsp1-2.xx&tp=14&oh=76f0032afb9d05376311e050bd88cdb6&oe=5FAD4BAC', 'https://scontent-xsp1-2.xx.fbcdn.net/v/t1.0-9/fr/cp0/e15/q65/60357923_314158492812354_2910006785907621888_n.jpg?_nc_cat=104&_nc_sid=2d5d41&_nc_ohc=KvS-6bL34ZIAX9Vw5GW&_nc_ht=scontent-xsp1-2.xx&tp=14&oh=76f0032afb9d05376311e050bd88cdb6&oe=5FAD4BAC']",3,0,
309166619978208,"Taste the smooth aromatic flavour of alcohol infused in our local favourites. You gotta try to know!
Try the Tak Kiew Peng (Ice Milo infused with rum, milk froth and popping candy) or Gin Gao Cheng Teng (our favourite dessert, the Cheng Teng infused with Gin) ‚ú®

#herit8ge #jewelchangiairport #cafesg #cocktail #bar",2019-05-09 16:49:31,"['https://scontent-xsp1-2.xx.fbcdn.net/v/t1.0-9/fr/cp0/e15/q65/60196973_309166626644874_7098027807099322368_o.jpg?_nc_cat=100&_nc_sid=2d5d41&_nc_ohc=bxbEZsumcxEAX9CUHEp&_nc_ht=scontent-xsp1-2.xx&tp=14&oh=4380fa7a88c02b6dd371b995dc4f9114&oe=5FAE8CF4', 'https://scontent-xsp1-2.xx.fbcdn.net/v/t1.0-9/fr/cp0/e15/q65/60196973_309166626644874_7098027807099322368_o.jpg?_nc_cat=100&_nc_sid=2d5d41&_nc_ohc=bxbEZsumcxEAX9CUHEp&_nc_ht=scontent-xsp1-2.xx&tp=14&oh=4380fa7a88c02b6dd371b995dc4f9114&oe=5FAE8CF4', 'https://scontent-xsp1-2.xx.fbcdn.net/v/t1.0-9/fr/cp0/e15/q65/60196973_309166626644874_7098027807099322368_o.jpg?_nc_cat=100&_nc_sid=2d5d41&_nc_ohc=bxbEZsumcxEAX9CUHEp&_nc_ht=scontent-xsp1-2.xx&tp=14&oh=4380fa7a88c02b6dd371b995dc4f9114&oe=5FAE8CF4']",3,0,
309166489978221,"Taste the smooth aromatic flavour of alcohol infused in our local favourites. You gotta try to know!

Try the Tak Kiew Peng (Ice Milo infused with rum, milk froth and popping candy) or Gin Gao Cheng Teng (our favourite dessert, the Cheng Teng infused with Gin) ‚ú®

#herit8ge #jewelchangiairport #cafesg #cocktail #bar",2019-05-09 16:49:17,"['https://scontent-xsp1-1.xx.fbcdn.net/v/t1.0-9/fr/cp0/e15/q65/59701444_309166496644887_4000650560347832320_o.jpg?_nc_cat=103&_nc_sid=2d5d41&_nc_ohc=T_bZWhra7f4AX9K1KIL&_nc_ht=scontent-xsp1-1.xx&tp=14&oh=9bd715a2101dec543deed026b46e61a8&oe=5FAD4EE8', 'https://scontent-xsp1-1.xx.fbcdn.net/v/t1.0-9/fr/cp0/e15/q65/59701444_309166496644887_4000650560347832320_o.jpg?_nc_cat=103&_nc_sid=2d5d41&_nc_ohc=T_bZWhra7f4AX9K1KIL&_nc_ht=scontent-xsp1-1.xx&tp=14&oh=9bd715a2101dec543deed026b46e61a8&oe=5FAD4EE8', 'https://scontent-xsp1-1.xx.fbcdn.net/v/t1.0-9/fr/cp0/e15/q65/59701444_309166496644887_4000650560347832320_o.jpg?_nc_cat=103&_nc_sid=2d5d41&_nc_ohc=T_bZWhra7f4AX9K1KIL&_nc_ht=scontent-xsp1-1.xx&tp=14&oh=9bd715a2101dec543deed026b46e61a8&oe=5FAD4EE8']",1,0,
305297567031780,"Did you spot our Herit8ge cart - which sparks feelings of nostalgia? We‚Äôre glad many of you did - tag us if you took some photos with our Herit8ge cart!
Herit8ge at Jewel Changi Airport is officially opened to the public, see you here!
.
Photo credits @piiluss .

#herit8ge #cafesg #jewelchangiairport",2019-05-02 18:23:22,"['https://scontent-xsp1-2.xx.fbcdn.net/v/t1.0-9/fr/cp0/e15/q65/59138323_305297570365113_2331686583347970048_o.jpg?_nc_cat=104&_nc_sid=2d5d41&_nc_ohc=XG1zHf3PnDUAX_DsZhj&_nc_ht=scontent-xsp1-2.xx&tp=14&oh=99fc1f661180e17e4b9a51dfbf135bee&oe=5FAD5EDA', 'https://scontent-xsp1-2.xx.fbcdn.net/v/t1.0-9/fr/cp0/e15/q65/59138323_305297570365113_2331686583347970048_o.jpg?_nc_cat=104&_nc_sid=2d5d41&_nc_ohc=XG1zHf3PnDUAX_DsZhj&_nc_ht=scontent-xsp1-2.xx&tp=14&oh=99fc1f661180e17e4b9a51dfbf135bee&oe=5FAD5EDA', 'https://scontent-xsp1-2.xx.fbcdn.net/v/t1.0-9/fr/cp0/e15/q65/59138323_305297570365113_2331686583347970048_o.jpg?_nc_cat=104&_nc_sid=2d5d41&_nc_ohc=XG1zHf3PnDUAX_DsZhj&_nc_ht=scontent-xsp1-2.xx&tp=14&oh=99fc1f661180e17e4b9a51dfbf135bee&oe=5FAD5EDA']",2,0,
305297503698453,"We spotted our Japanese friends feasting with tapas, mains and BEER! ‚Å£ *Opening Special:* Beer at $10 per pint and 25% off all cocktails daily!

#herit8ge #jewelchangiairport #cafesg #beersg",2019-05-02 18:23:14,"['https://scontent-xsp1-2.xx.fbcdn.net/v/t1.0-9/fr/cp0/e15/q65/59321474_305297507031786_8784115771463696384_o.jpg?_nc_cat=100&_nc_sid=2d5d41&_nc_ohc=PKcLPZ7Fb60AX8JIWPY&_nc_ht=scontent-xsp1-2.xx&tp=14&oh=e717477496cda0c68b395e713e5166cd&oe=5FAD552A', 'https://scontent-xsp1-2.xx.fbcdn.net/v/t1.0-9/fr/cp0/e15/q65/59321474_305297507031786_8784115771463696384_o.jpg?_nc_cat=100&_nc_sid=2d5d41&_nc_ohc=PKcLPZ7Fb60AX8JIWPY&_nc_ht=scontent-xsp1-2.xx&tp=14&oh=e717477496cda0c68b395e713e5166cd&oe=5FAD552A', 'https://scontent-xsp1-2.xx.fbcdn.net/v/t1.0-9/fr/cp0/e15/q65/59321474_305297507031786_8784115771463696384_o.jpg?_nc_cat=100&_nc_sid=2d5d41&_nc_ohc=PKcLPZ7Fb60AX8JIWPY&_nc_ht=scontent-xsp1-2.xx&tp=14&oh=e717477496cda0c68b395e713e5166cd&oe=5FAD552A']",3,0,
305297233698480,"Bring your family as you savour the nostalgic tastes of the 70s, paired with a modern twist, even your little ones will enjoy!

#herit8ge #kidsapproved #cafesg #jewelchangiairport",2019-05-02 18:22:43,"['https://scontent-xsp1-2.xx.fbcdn.net/v/t1.0-9/fr/cp0/e15/q65/57107309_305297240365146_2677179529369223168_o.jpg?_nc_cat=104&_nc_sid=2d5d41&_nc_ohc=rzukQrdBEREAX8JBW94&_nc_ht=scontent-xsp1-2.xx&tp=14&oh=ec27dea9608914b35aacab621598ff50&oe=5FAC9B43', 'https://scontent-xsp1-2.xx.fbcdn.net/v/t1.0-9/fr/cp0/e15/q65/57107309_305297240365146_2677179529369223168_o.jpg?_nc_cat=104&_nc_sid=2d5d41&_nc_ohc=rzukQrdBEREAX8JBW94&_nc_ht=scontent-xsp1-2.xx&tp=14&oh=ec27dea9608914b35aacab621598ff50&oe=5FAC9B43', 'https://scontent-xsp1-2.xx.fbcdn.net/v/t1.0-9/fr/cp0/e15/q65/57107309_305297240365146_2677179529369223168_o.jpg?_nc_cat=104&_nc_sid=2d5d41&_nc_ohc=rzukQrdBEREAX8JBW94&_nc_ht=scontent-xsp1-2.xx&tp=14&oh=ec27dea9608914b35aacab621598ff50&oe=5FAC9B43']",1,0,
294894498072087,It's now easier to contact Herit8ge.,2019-04-14 13:27:34,[],1,0,https://facebook.com/story.php?story_fbid=294894498072087&id=291670188394518
291671981727672,,2019-04-08 20:55:49,"['https://scontent-xsp1-2.xx.fbcdn.net/v/t1.0-9/fr/cp0/e15/q65/56985353_291671948394342_1018557906632572928_o.jpg?_nc_cat=106&_nc_sid=dd9801&_nc_ohc=mUzPV7sbxdUAX-8sbOv&_nc_ht=scontent-xsp1-2.xx&tp=14&oh=cd7639d647e8f92e97820aaf5308f2fe&oe=5FACABCB', 'https://scontent-xsp1-2.xx.fbcdn.net/v/t1.0-9/fr/cp0/e15/q65/56985353_291671948394342_1018557906632572928_o.jpg?_nc_cat=106&_nc_sid=dd9801&_nc_ohc=mUzPV7sbxdUAX-8sbOv&_nc_ht=scontent-xsp1-2.xx&tp=14&oh=cd7639d647e8f92e97820aaf5308f2fe&oe=5FACABCB', 'https://scontent-xsp1-2.xx.fbcdn.net/v/t1.0-9/fr/cp0/e15/q65/56985353_291671948394342_1018557906632572928_o.jpg?_nc_cat=106&_nc_sid=dd9801&_nc_ohc=mUzPV7sbxdUAX-8sbOv&_nc_ht=scontent-xsp1-2.xx&tp=14&oh=cd7639d647e8f92e97820aaf5308f2fe&oe=5FACABCB']",1,0,
291670495061154,,2019-04-08 20:54:38,"['https://scontent-xsp1-1.xx.fbcdn.net/v/t1.0-9/56619865_291670465061157_6627394980249862144_o.png?_nc_cat=110&_nc_sid=85a577&_nc_ohc=LkH0BaZ0q5UAX_-JVQp&_nc_ht=scontent-xsp1-1.xx&oh=30285dabfb10b966c27271354730a42e&oe=5FADB1E5', 'https://scontent-xsp1-1.xx.fbcdn.net/v/t1.0-9/56619865_291670465061157_6627394980249862144_o.png?_nc_cat=110&_nc_sid=85a577&_nc_ohc=LkH0BaZ0q5UAX_-JVQp&_nc_ht=scontent-xsp1-1.xx&oh=30285dabfb10b966c27271354730a42e&oe=5FADB1E5', 'https://scontent-xsp1-1.xx.fbcdn.net/v/t1.0-9/56619865_291670465061157_6627394980249862144_o.png?_nc_cat=110&_nc_sid=85a577&_nc_ohc=LkH0BaZ0q5UAX_-JVQp&_nc_ht=scontent-xsp1-1.xx&oh=30285dabfb10b966c27271354730a42e&oe=5FADB1E5']",1,0,
